{
  "loss": [
    0.640215277671814,
    0.36130455136299133,
    0.26826348900794983,
    0.2196611613035202,
    0.18347753584384918,
    0.15473584830760956,
    0.12350630015134811
  ],
  "accuracy": [
    0.826193630695343,
    0.8795189261436462,
    0.9030356407165527,
    0.9171910285949707,
    0.9300518035888672,
    0.9402706623077393,
    0.9530571103096008
  ],
  "val_loss": [
    0.5160819292068481,
    0.39378970861434937,
    0.3714481294155121,
    0.35835185647010803,
    0.36589324474334717,
    0.38504743576049805,
    0.40536707639694214
  ],
  "val_accuracy": [
    0.8503389358520508,
    0.8704870939254761,
    0.8766312003135681,
    0.8811864256858826,
    0.8829236030578613,
    0.8852118253707886,
    0.8854447603225708
  ],
  "epochs_completed": 7,
  "best_epoch": 4,
  "training_duration_minutes": 9.887113153934479
}